"FA","IL1¦Â2","IL102","NFkB2","tnf3","hscrp3","crp3","lps","OGTT","OGTT2","insulin","homa2","quicki2"
"bmi",0.00329234725600115,-0.0155913993645781,0.0310927470942213,-0.00102306332594649,0.0528452181506115,0.0402887889291292,-0.211951400314947,-0.0238676026112932,-0.056816421681602,0.682615717799701,0.0113715026548961,-0.0027355228465645
"wc",4.22512814958559e-05,-0.000749071785100245,0.00788015080628287,-0.000596886890579784,0.0168157246124088,0.0131023615758743,-0.136444701829306,-0.00313266393938092,0.0137883754094409,0.148756339040335,0.00396792635901533,-0.00119861683223892
"wh",0.18515860801456,-0.346819045717961,0.178352107363882,-0.199967889613369,1.02925136817552,1.24775409174339,1.89741418992492,-0.518288975035627,6.55198802208854,13.1818712706201,0.387365768815882,-0.13657486029355
